Div,Date,Time,HomeTeam,AwayTeam,Referee,B365H,B365D,B365A,BFDH,BFDD,BFDA,BVH,BVD,BVA,BWH,BWD,BWA,PPH,PPD,PPA,SKBH,SKBD,SKBA,MaxH,MaxD,MaxA,AvgH,AvgD,AvgA,BFEH,BFED,BFEA,B365>2.5,B365<2.5,Max>2.5,Max<2.5,Avg>2.5,Avg<2.5,BFE>2.5,BFE<2.5,AHh,B365AHH,B365AHA,MaxAHH,MaxAHA,AvgAHH,AvgAHA,BFEAHH,BFEAHA,B365CH,B365CD,B365CA,BFDCH,BFDCD,BFDCA,BVCH,BVCD,BVCA,BWCH,BWCD,BWCA,PPCH,PPCD,PPCA,SKBCH,SKBCD,SKBCA,MaxCH,MaxCD,MaxCA,AvgCH,AvgCD,AvgCA,BFECH,BFECD,BFECA,B365C>2.5,B365C<2.5,MaxC>2.5,MaxC<2.5,AvgC>2.5,AvgC<2.5,BFEC>2.5,BFEC<2.5,AHCh,B365CAHH,B365CAHA,MaxCAHH,MaxCAHA,AvgCAHH,AvgCAHA,BFECAHH,BFECAHA
E1,15/09/2026,19:45,Bristol City,Lincoln,T Robinson,1.79,3.6,4.1,1.9,3.5,4.2,1.85,3.6,4.2,1.87,3.6,4.1,1.85,3.5,4.33,1.83,3.6,4.2,1.9,3.6,4.33,1.85,3.55,4.19,1.94,3.7,4.6,2.03,1.83,2.03,1.83,1.96,1.79,2.06,1.91,-0.5,1.85,2,1.85,2,1.81,1.93,1.94,2.05,,,,,,,,,,,,,,,,,,,,,,,,,,,,,,,,,,,,,,,,,,,,
E1,15/09/2026,19:45,Middlesbrough,Millwall,R Madley,1.42,4.75,6.5,1.5,4.6,6,1.45,4.6,6.5,1.5,4.75,5.75,1.44,4.5,6,1.44,4.5,6,1.52,4.75,6.5,1.47,4.6,6.03,1.53,4.9,6.6,1.57,2.38,1.58,2.5,1.54,2.38,1.61,2.56,-1.25,2,1.85,2.05,1.85,1.98,1.77,2.11,1.85,,,,,,,,,,,,,,,,,,,,,,,,,,,,,,,,,,,,,,,,,,,,
E2,17/09/2026,20:00,AFC Wimbledon,Milton Keynes Dons,R Eley,3,3.3,2.25,2.8,3.5,2.4,2.8,3.3,2.3,2.85,3.4,2.3,2.8,3.5,2.3,2.75,3.4,2.3,3,3.5,2.4,2.84,3.38,2.31,2.98,3.5,2.42,1.85,1.95,1.88,1.95,1.82,1.9,1.89,2,0.25,1.8,2.05,1.8,2.05,1.77,1.98,1.83,2.08,,,,,,,,,,,,,,,,,,,,,,,,,,,,,,,,,,,,,,,,,,,,
EC,15/09/2026,19:45,Aldershot,Yeovil,N Smith,2.15,3.5,2.9,2.15,3.4,3,2.1,3.4,3.1,2.1,3.3,2.9,2.15,3.4,2.88,2.15,3.3,2.8,2.2,3.75,3.1,2.13,3.42,2.95,2.2,3.75,3.35,1.8,2,1.8,2,1.75,1.96,1.81,2.16,-0.25,1.9,1.9,1.9,1.9,1.84,1.86,1.91,2.03,,,,,,,,,,,,,,,,,,,,,,,,,,,,,,,,,,,,,,,,,,,,
EC,15/09/2026,19:45,Boston Utd,Woking,R Aspinall,2.15,3.5,2.88,2.25,3.4,2.88,2.25,3.3,2.9,2.2,3.2,2.8,2.15,3.4,2.88,2.15,3.3,2.8,2.25,3.6,2.9,2.2,3.35,2.86,2.34,3.6,3.15,1.85,1.95,1.85,1.95,1.81,1.9,1.9,2.02,-0.25,1.98,1.83,1.98,1.83,1.92,1.79,2.03,1.9,,,,,,,,,,,,,,,,,,,,,,,,,,,,,,,,,,,,,,,,,,,,
EC,15/09/2026,19:45,Carlisle,Forest Green,A Miller,1.95,3.6,3.3,1.95,3.75,3.2,1.93,3.75,3.25,1.95,3.5,3,1.9,3.8,3.25,1.85,3.6,3.1,2.05,3.8,3.3,1.94,3.65,3.17,2,4.1,3.6,1.53,2.4,1.53,2.63,1.49,2.45,1.56,2.64,-0.5,1.98,1.83,2,1.83,1.93,1.76,2,1.94,,,,,,,,,,,,,,,,,,,,,,,,,,,,,,,,,,,,,,,,,,,,
EC,15/09/2026,19:45,Harrogate,Fylde,C Jones,1.95,3.8,3.2,2,3.75,3.1,1.95,3.75,3.2,1.98,3.5,3.1,1.95,3.6,3.1,1.95,3.5,3.1,2,3.8,3.2,1.98,3.64,3.13,2.04,4,3.55,1.5,2.5,1.54,2.75,1.49,2.48,1.55,2.72,-0.5,1.98,1.83,1.98,1.83,1.95,1.75,2.04,1.9,,,,,,,,,,,,,,,,,,,,,,,,,,,,,,,,,,,,,,,,,,,,
EC,15/09/2026,19:45,Solihull,Barrow,T Sangowawa,2.55,3.6,2.38,2.63,3.5,2.38,2.63,3.4,2.38,2.6,3.25,2.35,2.6,3.3,2.4,2.5,3.25,2.38,2.7,3.6,2.4,2.61,3.41,2.36,2.82,3.65,2.5,1.7,2.1,1.7,2.2,1.67,2.08,1.77,2.22,0,2,1.8,2,1.8,1.95,1.76,2.08,1.85,,,,,,,,,,,,,,,,,,,,,,,,,,,,,,,,,,,,,,,,,,,,
EC,15/09/2026,19:45,Southend,Tamworth,R Watkins,1.53,4.2,4.75,1.5,4.33,5,1.5,4.33,5,1.51,4.2,4.6,1.44,4.4,5,1.44,4.2,4.8,1.55,4.5,5,1.51,4.29,4.79,1.57,4.7,5.8,1.44,2.7,1.48,2.8,1.43,2.63,1.49,2.92,-1,1.85,1.95,1.85,1.95,1.82,1.89,1.88,2.01,,,,,,,,,,,,,,,,,,,,,,,,,,,,,,,,,,,,,,,,,,,,
EC,15/09/2026,19:45,Sutton,Eastleigh,A Dale,1.95,3.5,3.3,1.95,3.5,3.4,1.95,3.4,3.4,1.98,3.2,3.25,1.91,3.25,3.6,1.91,3.2,3.5,2,3.5,3.6,1.97,3.34,3.38,2.14,3.5,3.75,1.88,1.93,1.91,1.93,1.82,1.88,1.99,1.95,-0.5,2,1.8,2,1.8,1.94,1.75,2.14,1.84,,,,,,,,,,,,,,,,,,,,,,,,,,,,,,,,,,,,,,,,,,,,
EC,15/09/2026,19:45,Wealdstone,Halifax,J Oldham,2.2,3.5,2.88,2.25,3.5,2.75,2.2,3.5,2.8,2.15,3.4,2.75,2.2,3.4,2.8,2.2,3.3,2.75,2.25,3.5,2.88,2.21,3.44,2.79,2.36,3.75,3.05,1.67,2.15,1.67,2.4,1.62,2.17,1.74,2.26,-0.25,1.98,1.83,1.98,1.83,1.93,1.79,2.06,1.87,,,,,,,,,,,,,,,,,,,,,,,,,,,,,,,,,,,,,,,,,,,,
EC,15/09/2026,19:45,Worthing,Hornchurch,P Howard,2.1,3.7,2.88,2.1,3.6,3,2.15,3.6,2.88,2.1,3.4,2.85,2.1,3.6,2.88,2.1,3.5,2.8,2.15,3.7,3,2.11,3.55,2.89,2.22,3.85,3.15,1.57,2.35,1.57,2.4,1.54,2.33,1.62,2.5,-0.25,1.9,1.9,1.9,1.9,1.86,1.84,1.95,2,,,,,,,,,,,,,,,,,,,,,,,,,,,,,,,,,,,,,,,,,,,,
EC,16/09/2026,19:45,Altrincham,Hartlepool,D Brown,2.2,3.4,2.88,2.25,3.5,2.8,2.25,3.4,2.8,2.2,3.3,2.75,2.2,3.4,2.8,2.15,3.3,2.75,2.25,3.6,2.88,2.22,3.41,2.8,2.36,3.6,3,1.73,2.08,1.77,2.08,1.72,2,1.8,2.1,-0.25,1.98,1.83,1.98,1.83,1.93,1.78,2.05,1.85,,,,,,,,,,,,,,,,,,,,,,,,,,,,,,,,,,,,,,,,,,,,
EC,16/09/2026,19:45,Kidderminster,Gateshead,S Jackson,1.65,3.8,4.5,1.67,3.75,4.6,1.62,3.75,4.75,1.61,3.75,4.33,1.6,3.8,4.5,1.6,3.75,4.33,1.67,4,4.75,1.63,3.78,4.52,1.65,3.95,5.3,1.75,2.05,1.75,2.1,1.71,2.03,1.78,1.99,-0.75,1.83,1.98,1.83,1.98,1.79,1.91,1.82,2.04,,,,,,,,,,,,,,,,,,,,,,,,,,,,,,,,,,,,,,,,,,,,
EC,16/09/2026,19:45,Scunthorpe,Boreham Wood,A Jackson,3.9,4,1.7,3.75,4,1.73,3.9,4,1.7,3.7,3.75,1.71,3.8,4,1.67,3.75,3.8,1.67,3.9,4,1.73,3.82,3.94,1.71,3.95,4.1,1.75,1.48,2.6,1.48,2.63,1.45,2.59,1.46,2.58,0.75,1.88,1.93,1.88,1.93,1.81,1.89,1.84,1.97,,,,,,,,,,,,,,,,,,,,,,,,,,,,,,,,,,,,,,,,,,,,
N1,15/09/2026,19:00,Ajax,Willem II,,1.1,9,21,1.1,8.5,15,1.09,10,19,1.13,10,16,1.08,9.5,15,1.08,8.5,13,1.13,11,21,1.11,9.4,16.44,1.14,11,24,1.22,4.2,1.23,4.5,1.21,4.1,1.24,5,-2.5,1.8,2,1.83,2,1.8,1.93,1.89,2.08,,,,,,,,,,,,,,,,,,,,,,,,,,,,,,,,,,,,,,,,,,,,
SC0,15/09/2026,19:45,Falkirk,Hearts,J Beaton,3.8,3.6,1.86,3.75,3.75,1.91,3.8,3.7,1.87,3.6,3.6,1.93,4,3.7,1.8,3.8,3.7,1.85,4,3.75,1.95,3.76,3.64,1.89,4.3,3.75,1.98,1.73,2.1,1.73,2.2,1.7,2.07,1.8,2.2,0.5,1.95,1.9,1.95,1.9,1.87,1.86,2,1.98,,,,,,,,,,,,,,,,,,,,,,,,,,,,,,,,,,,,,,,,,,,,
SC0,15/09/2026,19:45,Hibernian,Kilmarnock,R Lee,1.39,4.75,6.5,1.4,5,7,1.4,4.8,7,1.42,4.8,6.5,1.4,4.5,7,1.4,4.75,6.5,1.44,5,7.2,1.4,4.82,6.73,1.46,5.2,7.6,1.44,2.75,1.5,2.75,1.48,2.54,1.54,2.76,-1.25,1.88,1.98,1.88,1.98,1.82,1.92,1.94,2,,,,,,,,,,,,,,,,,,,,,,,,,,,,,,,,,,,,,,,,,,,,
SC0,15/09/2026,19:45,Motherwell,Aberdeen,S McLean,1.79,3.8,3.9,1.83,3.75,4,1.8,3.8,4,1.85,3.6,3.9,1.75,3.7,4.4,1.75,3.8,4.2,1.85,3.8,4.4,1.82,3.73,3.98,1.9,3.9,4.4,1.73,2.1,1.73,2.2,1.69,2.09,1.78,2.22,-0.5,1.83,2.03,1.83,2.03,1.8,1.93,1.9,2.08,,,,,,,,,,,,,,,,,,,,,,,,,,,,,,,,,,,,,,,,,,,,
SC1,15/09/2026,19:45,Stenhousemuir,Partick,S Murdoch,4.2,3.6,1.7,4.5,3.6,1.7,4.6,3.6,1.67,4.33,3.5,1.65,4.5,3.7,1.67,4.2,3.5,1.67,4.6,3.8,1.73,4.39,3.61,1.69,4.7,4,1.8,1.9,1.9,1.9,2,1.83,1.88,1.94,1.98,0.75,1.85,1.95,1.85,1.95,1.82,1.89,1.89,2.03,,,,,,,,,,,,,,,,,,,,,,,,,,,,,,,,,,,,,,,,,,,,
SC2,15/09/2026,19:45,Ross County,Queen of Sth,J Curran,1.3,4.75,8.5,1.29,5,8,1.25,5.5,9,1.28,5.25,7.25,1.25,5,8.5,1.25,4.8,7.5,1.3,6,9,1.28,5.22,7.58,1.32,6,10,1.5,2.5,1.5,2.7,1.45,2.58,1.49,2.76,-1.5,1.78,2.03,1.85,2.03,1.8,1.89,1.81,1.95,,,,,,,,,,,,,,,,,,,,,,,,,,,,,,,,,,,,,,,,,,,,
SP1,15/09/2026,18:00,Vallecano,Espanol,,2.3,3.3,3.1,2.3,3.4,3.1,2.3,3.5,3,2.25,3.4,3.1,2.3,3.3,3,2.3,3.4,3,2.38,3.5,3.1,2.3,3.37,3.03,2.46,3.45,3.25,1.95,1.9,1.95,1.91,1.87,1.87,2,1.98,-0.25,2.03,1.83,2.03,1.83,1.96,1.79,2.1,1.89,,,,,,,,,,,,,,,,,,,,,,,,,,,,,,,,,,,,,,,,,,,,
SP1,15/09/2026,19:00,Alaves,Valencia,,1.7,3.5,5.5,1.73,3.5,5,1.67,3.6,5.75,1.77,3.5,5,1.73,3.4,5,1.73,3.5,5,1.77,3.6,5.75,1.73,3.49,5.16,1.8,3.65,5.7,2.1,1.73,2.1,1.75,2.05,1.72,2.16,1.83,-0.75,1.93,1.93,1.93,1.93,1.9,1.84,2.04,1.94,,,,,,,,,,,,,,,,,,,,,,,,,,,,,,,,,,,,,,,,,,,,
SP1,15/09/2026,20:30,Elche,Real Madrid,,12,7.5,1.2,13,7,1.2,13,8,1.17,9.75,7.75,1.22,13,7.5,1.17,13,8,1.17,13,8,1.22,11.64,7.39,1.2,15.5,8.2,1.22,1.3,3.5,1.33,3.75,1.3,3.43,1.33,3.85,2,2,1.85,2,1.87,1.93,1.81,2.04,1.93,,,,,,,,,,,,,,,,,,,,,,,,,,,,,,,,,,,,,,,,,,,,
SP1,16/09/2026,18:00,Ath Madrid,Osasuna,,1.38,4.75,8.5,1.4,4.6,8.5,1.36,5,8.5,1.41,4.75,7.5,1.36,4.75,8,1.36,4.6,7.5,1.41,5,8.6,1.38,4.73,7.91,1.43,5.1,9.2,1.73,2.1,1.73,2.12,1.7,2.08,1.81,2.2,-1.25,1.85,2,1.85,2,1.83,1.92,1.93,2.01,,,,,,,,,,,,,,,,,,,,,,,,,,,,,,,,,,,,,,,,,,,,
SP1,16/09/2026,18:00,La Coruna,Sevilla,,2.4,3.25,3,2.4,3.2,3,2.45,3.2,3,2.45,3.1,3,2.5,3,3,2.45,2.9,3,2.5,3.25,3.1,2.45,3.1,3.01,2.62,3.15,3.2,2.2,1.67,2.25,1.67,2.22,1.61,2.38,1.7,0,1.7,2.1,1.73,2.1,1.7,2.06,1.81,2.2,,,,,,,,,,,,,,,,,,,,,,,,,,,,,,,,,,,,,,,,,,,,
SP1,16/09/2026,20:30,Barcelona,Santander,,1.06,14,23,1.06,13,26,1.06,15,26,1.07,13,20,1.05,17,26,1.04,15,21,1.07,19,33,1.06,13.81,24.23,1.08,21,32,1.13,6,1.13,7,1.1,6.31,1.14,7.4,-3.25,1.98,1.88,1.98,1.9,1.9,1.85,1.98,1.94,,,,,,,,,,,,,,,,,,,,,,,,,,,,,,,,,,,,,,,,,,,,
SP1,16/09/2026,20:30,Levante,Ath Bilbao,,3.4,3.5,2.1,3.3,3.6,2.1,3.4,3.5,2.1,3.4,3.5,2.1,3.4,3.3,2.1,3.3,3.3,2.1,3.45,3.6,2.18,3.35,3.46,2.11,3.6,3.6,2.22,1.85,2,1.87,2,1.8,1.94,1.92,2.06,0.25,2.03,1.83,2.03,1.85,1.95,1.8,2.06,1.91,,,,,,,,,,,,,,,,,,,,,,,,,,,,,,,,,,,,,,,,,,,,
SP1,17/09/2026,18:00,Betis,Getafe,,1.57,4,5.75,1.67,3.6,5.5,1.62,3.5,5.25,1.7,3.6,5.25,1.65,3.5,5.5,1.67,3.5,5.5,1.7,4,5.75,1.64,3.62,5.42,1.71,3.8,6.2,2.2,1.67,2.2,1.67,2.16,1.65,2.26,1.75,-0.75,1.73,2.08,1.8,2.08,1.79,1.95,1.93,2.03,,,,,,,,,,,,,,,,,,,,,,,,,,,,,,,,,,,,,,,,,,,,
SP1,17/09/2026,20:30,Malaga,Villarreal,,3.6,3.7,1.95,3.5,3.75,2,3.4,3.6,1.9,3.7,3.7,1.95,3.5,3.7,1.95,3.5,3.6,1.95,3.8,3.8,2,3.53,3.69,1.94,3.75,4,2.04,1.62,2.3,1.65,2.3,1.61,2.23,1.66,2.42,0.5,1.9,1.95,1.9,1.95,1.83,1.9,1.94,2.04,,,,,,,,,,,,,,,,,,,,,,,,,,,,,,,,,,,,,,,,,,,,
