Rank;Club;Elo;
1;Arsenal;2065;
2;Bayern;1976;
3;Man City;1974;
4;Paris SG;1957;
5;Liverpool;1949;
6;Barcelona;1939;
7;Inter;1935;
8;Chelsea;1930;
9;Aston Villa;1929;
10;Real Madrid;1912;
11;Man United;1881;
12;Newcastle;1867;
13;Brentford;1853;
14;Sporting;1850;
15;Dortmund;1839;
16;Bournemouth;1835;
17;Milan;1833;
18;Everton;1832;
19;Atlético;1831;
20;Brighton;1830;
21;Juventus;1822;
22;Tottenham;1820;
23;Benfica;1817;
24;Leverkusen;1811;
25;Fulham;1808;
26;Crystal Palace;1806;
27;Napoli;1803;
28;Roma;1799;
29;Atalanta;1788;
30;PSV;1786;
31;Forest;1785;
32;Leeds;1780;
33;Porto;1776;
34;Lyon;1769;
35;Lens;1757;
36;Stuttgart;1747;
37;Betis;1747;
38;West Ham;1744;
39;RB Leipzig;1742;
40;Marseille;1738;
41;Como;1737;
42;Villarreal;1728;
43;Brugge;1726;
44;St Gillis;1725;
45;Hoffenheim;1722;
46;Lazio;1722;
47;Galatasaray;1714;
48;Olympiakos;1706;
49;Sunderland;1706;
50;Lille;1701;
51;Braga;1700;
52;Freiburg;1699;
53;Bodø/Glimt;1694;
54;Strasbourg;1694;
55;Bilbao;1691;
56;Bologna;1689;
57;Fenerbahçe;1689;
58;Celta;1687;
59;Burnley;1685;
60;Midtjylland;1683;
61;Monaco;1681;
62;Real Sociedad;1675;
63;Wolves;1669;
64;Osasuna;1669;
65;Frankfurt;1667;
66;Mainz;1663;
67;Zenit;1663;
68;Rennes;1654;
69;Toulouse;1653;
70;Slavia Praha;1652;
71;Fiorentina;1646;
72;Brest;1643;
73;Krasnodar;1639;
74;Ipswich;1638;
75;Paok;1633;
76;AEK;1633;
77;Espanyol;1632;
78;Torino;1631;
79;Valencia;1631;
80;Genoa;1626;
81;Udinese;1623;
82;Union Berlin;1623;
83;Gladbach;1623;
84;Cagliari;1621;
85;Mallorca;1621;
86;Werder;1621;
87;Sassuolo;1616;
88;Lorient;1616;
89;Middlesbrough;1609;
90;Girona;1608;
91;Coventry;1606;
92;Rayo Vallecano;1606;
93;Augsburg;1606;
94;Getafe;1605;
95;Wolfsburg;1604;
96;Feyenoord;1603;
97;Genk;1601;
98;Venezia;1601;
99;FC København;1600;
100;Alavés;1600;
101;Parma;1600;
102;Sevilla;1595;
103;CSKA;1595;
104;Ajax;1592;
105;Viking;1591;
106;Nice;1590;
107;Hamburg;1584;
108;Levante;1584;
109;Viktoria Plzeň;1582;
110;Elche;1581;
111;Sheffield United;1580;
112;Crvena Zvezda;1579;
113;Lokomotiv Moskva;1576;
114;Sparta Praha;1575;
115;Köln;1575;
116;Millwall;1572;
117;Paphos;1572;
118;Aarhus;1572;
119;Angers;1571;
120;Celtic;1569;
121;Le Havre;1567;
122;Hull;1566;
123;Panathinaikos;1565;
124;Southampton;1561;
125;Cremonese;1560;
126;Auxerre;1559;
127;Qarabağ;1558;
128;Lecce;1557;
129;St. Pauli;1555;
130;Brøndby;1554;
131;Spartak Moskva;1550;
132;Reims;1550;
133;Guimarães;1548;
134;Mjällby;1546;
135;Shakhtar;1544;
136;Rangers;1544;
137;St Truiden;1543;
138;Gil Vicente;1543;
139;Oviedo;1542;
140;Paris FC;1542;
141;Monza;1541;
142;Rakow;1539;
143;Santander;1538;
144;Derby;1538;
145;Famalicão;1537;
146;Dinamo Zagreb;1537;
147;Twente;1536;
148;Nijmegen;1536;
149;Anderlecht;1536;
150;Verona;1534;
151;Leicester;1534;
152;Bristol City;1533;
153;Almería;1533;
154;Estoril;1532;
155;Charleroi;1531;
156;Las Palmas;1531;
157;Trabzonspor;1530;
158;Brann;1529;
159;Swansea;1528;
160;Castellón;1528;
161;Preston;1526;
162;Frosinone;1526;
163;Antwerp;1525;
164;Alkmaar;1524;
165;Norwich;1522;
166;Metz;1521;
167;Darmstadt;1521;
168;QPR;1520;
169;Nantes;1520;
170;Pisa;1520;
171;Leganes;1519;
172;Palermo;1518;
173;Wrexham;1518;
174;Watford;1517;
175;Jagiellonia;1516;
176;Heidenheim;1515;
177;Stoke;1515;
178;Ferencváros;1514;
179;Elversberg;1514;
180;Birmingham;1513;
181;Mechelen;1513;
182;Hammarby;1508;
183;Bochum;1507;
184;Paderborn;1507;
185;Larnakas;1507;
186;Nordsjælland;1506;
187;Dinamo Moskva;1504;
188;Hannover;1503;
189;Gent;1501;
190;Beşiktaş;1499;
191;Salzburg;1497;
192;Depor;1496;
193;Saint-Étienne;1495;
194;Moreirense;1495;
195;Jablonec;1494;
196;Başakşehir;1492;
197;Omonoia;1491;
198;Málaga;1490;
199;Hertha;1489;
200;Aris Limassol;1489;
201;Córdoba;1488;
202;Viborg;1484;
203;Djurgården;1483;
204;Portsmouth;1481;
205;Lech;1480;
206;Eibar;1479;
207;Granada;1479;
208;Baltika;1478;
209;Basel;1477;
210;Burgos;1475;
211;Empoli;1474;
212;Göztepe;1474;
213;Holstein;1473;
214;Blackburn;1472;
215;Gijón;1471;
216;Tromsø;1471;
217;Schalke;1471;
218;West Brom;1470;
219;Charlton;1470;
220;Arouca;1469;
221;Cadiz;1468;
222;SønderjyskE;1468;
223;Sparta Rotterdam;1466;
224;Utrecht;1466;
225;Be’er Sheva;1466;
226;Hearts;1466;
227;Catanzaro;1464;
228;Randers;1462;
229;Slovan Liberec;1462;
230;Ludogorets;1461;
231;Westerlo;1461;
232;Troyes;1460;
233;Cercle Brugge;1459;
234;Dunkerque;1458;
235;Sturm Graz;1458;
236;Albacete;1455;
237;CSU Craiova;1455;
238;Molde;1455;
239;Juve Stabia;1454;
240;Kaiserslautern;1452;
241;Oxford;1452;
242;Santa Clara;1450;
243;Rosenborg;1447;
244;Cracovia;1446;
245;Leuven;1446;
246;Montpellier;1445;
247;Casa Pia;1445;
248;Górnik;1444;
249;Aris;1444;
250;Silkeborg;1444;
251;Suedtirol;1443;
252;Karlsruhe;1442;
253;Standard;1441;
254;Lugano;1441;
255;Annecy;1441;
256;Le Mans;1441;
257;Modena;1440;
258;Celje;1440;
259;Düsseldorf;1440;
260;Young Boys;1439;
261;Nacional;1438;
262;Levadiaikos;1438;
263;Guingamp;1438;
264;Rio Ave;1437;
265;Ceuta;1436;
266;Go Ahead Eagles;1436;
267;Rostov;1435;
268;St.Gallen;1435;
269;Cesena;1433;
270;Pogoń;1432;
271;Austria Wien;1432;
272;Steaua;1431;
273;Malmö;1430;
274;Magdeburg;1430;
275;Rubin;1430;
276;Huesca;1430;
277;Samsunspor;1430;
278;Mirandes;1429;
279;Piast Gliwice;1429;
280;Győr;1428;
281;LASK;1428;
282;Lausanne;1427;
283;Rodez;1426;
284;Sandefjord;1425;
285;Thun;1423;
286;Carrarese;1422;
287;Heerenveen;1422;
288;Fredrikstad;1421;
289;Radomiak;1421;
290;Alverca;1420;
291;Levski;1420;
292;Sampdoria;1419;
293;Spezia;1419;
294;Dinamo Kyiv;1419;
295;Nürnberg;1418;
296;CFR Cluj;1417;
297;Valladolid;1416;
298;Wolfsberg;1415;
299;Legia;1415;
300;Estrela Amadora;1414;
301;Hradec Králové;1414;
302;Odense;1413;
303;Maccabi Tel Aviv;1411;
304;Andorra CF;1411;
305;Korona;1410;
306;Servette;1409;
307;Zwolle;1408;
308;Zagłębie;1408;
309;Plock;1408;
310;Sociedad B;1408;
311;Groningen;1408;
312;GAIS;1408;
313;Pau;1407;
314;Hibernian;1407;
315;Red Star;1407;
316;Katowice;1404;
317;Zulte Waregem;1404;
318;Paksi;1404;
319;Maccabi Haifa;1404;
320;Sarpsborg;1402;
321;Alanyaspor;1401;
322;Lechia;1401;
323;Göteborg;1399;
324;Sittard;1397;
325;Hajduk;1395;
326;Rijeka;1395;
327;Münster;1394;
328;AIK;1393;
329;Rapid Bucuresti;1392;
330;Zaragoza;1389;
331;IK Sirius;1389;
332;Motherwell;1388;
333;Terek;1388;
334;Dender;1387;
335;Banik Ostrava;1387;
336;Puskas Akademia;1386;
337;Tondela;1385;
338;Grenoble;1385;
339;Sion;1384;
340;Bielefeld;1383;
341;Ham-Kam;1382;
342;Clermont;1382;
343;Universitatea Cluj;1381;
344;Gaziantep FK;1380;
345;Hartberg;1380;
346;Dinamo București;1380;
347;Krylya Sovetov;1378;
348;Sigma Olomouc;1378;
349;RAAL;1378;
350;Karvina;1377;
351;Leonesa;1377;
352;Motor Lublin;1376;
353;Elfsborg;1376;
354;Rizespor;1375;
355;Akron Togliatti;1375;
356;Beitar Jerusalem;1375;
357;Avellino;1375;
358;Partizan;1374;
359;Mantova;1373;
360;Vålerenga;1373;
361;Bastia;1371;
362;KFUM Oslo;1371;
363;Padova;1371;
364;Luzern;1369;
365;Häcken;1368;
366;Bari;1368;
367;Kasımpaşa;1368;
368;Atromitos;1367;
369;Slovan Bratislava;1367;
370;Braunschweig;1366;
371;CSKA Sofia;1366;
372;Reggiana;1364;
373;Vejle;1361;
374;Konyaspor;1360;
375;Entella;1360;
376;Kocaelispor;1359;
377;Boulogne;1359;
378;Sheffield Weds;1357;
379;Istra 1961;1357;
380;Fürth;1357;
381;Polissya Zhytomyr;1356;
382;Dresden;1356;
383;Excelsior;1354;
384;Rapid Wien;1352;
385;Astana;1352;
386;Teplice;1351;
387;Zürich;1351;
388;Laval;1350;
389;Widzew;1350;
390;Lok Zagreb;1349;
391;Eyupspor;1348;
392;Gençlerbirligi;1347;
393;Oțelul Galați;1346;
394;Maribor;1345;
395;Nancy;1345;
396;OFI;1343;
397;Varazdin;1342;
398;Fredericia;1341;
399;Heracles;1341;
400;Kayseri;1341;
401;Koper;1339;
402;Debrecen;1339;
403;Amiens;1338;
404;Sheriff;1337;
405;Trnava;1334;
406;Zilina;1333;
407;Viitorul;1333;
408;Volendam;1333;
409;Mladá Boleslav;1332;
410;Dynamo Makhachkala;1331;
411;Grasshoppers;1331;
412;Cherno More;1330;
413;Kristiansund;1329;
414;Antalyaspor;1328;
415;Osijek;1327;
416;Orenburg;1325;
417;Arka;1325;
418;Kosice;1324;
419;Bryne;1323;
420;Pescara;1322;
421;Zira;1320;
422;Nizhny Novgorod;1320;
423;Telstar;1320;
424;Asteras;1319;
425;Bohemians Praha;1319;
426;Botosani;1319;
427;Pardubice;1318;
428;Olimpija Ljubljana;1317;
429;Nieciecza;1317;
430;Zalaegerszeg;1315;
431;Nakchivan;1315;
432;Panaitolikos;1313;
433;Shamrock;1313;
434;Sabah;1313;
435;UTA Arad;1312;
436;AVS Futebol;1311;
437;Sochi;1310;
438;Ried;1309;
439;Breda;1308;
440;Kuopio;1306;
441;Tescoma Zlin;1306;
442;Slovácko;1305;
443;Noah;1301;
444;Volos;1301;
445;Kryvbas;1300;
446;Slaven Belupo;1295;
447;Kairat;1294;
448;Wattens;1292;
449;St Mirren;1291;
450;Pyunik;1289;
451;Kolos;1289;
452;Halmstad;1289;
453;Altach;1288;
454;Brommapojkarna;1288;
455;Novi Sad;1288;
456;Metalist 1925;1286;
457;Falkirk;1285;
458;Vaduz;1285;
459;Aberdeen;1285;
460;Víkingur;1285;
461;Winterthur;1284;
462;Zrinjski Mostar;1284;
463;FK Riga;1283;
464;H Tel Aviv;1283;
465;Strømsgodset;1283;
466;Kifisias;1282;
467;Dundee United;1282;
468;Norrköping;1280;
469;LNZ;1280;
470;Fatih Karagümrük;1280;
471;St. Patrick’s;1278;
472;Arges Pitesti;1277;
473;MTK;1274;
474;Diósgyőr;1273;
475;Aarau;1272;
476;Dukla;1271;
477;Kisvarda;1270;
478;Bnei Sakhnin;1270;
479;Hapoel Jerusalem;1265;
480;CSKA 1948 Sofia;1264;
481;Netanya;1264;
482;Petrolul Ploiesti;1262;
483;Újpest;1262;
484;Larisa;1261;
485;HNK Gorica;1260;
486;Degerfors;1259;
487;Arda;1258;
488;Dundee;1258;
489;Karpaty;1257;
490;BW Linz;1257;
491;Zorya;1257;
492;GAK;1256;
493;Rukh Lviv;1252;
494;Drita;1251;
495;HJK Helsinki;1250;
496;Hapoel Haifa;1249;
497;Ararat;1249;
498;Kilmarnock;1247;
499;Öster;1244;
500;Oleksandriya;1243;
501;Aktobe;1243;
502;Shkendija;1242;
503;Varnamo;1242;
504;Shelbourne;1241;
505;Bravo;1237;
506;Nyiregyhaza;1236;
507;Derry City;1234;
508;Breiðablik;1231;
509;Hermannstadt;1231;
510;Slavia Sofia;1224;
511;Hapoel Petah Tikva;1223;
512;Veres;1223;
513;RFS;1222;
514;Željezničar;1218;
515;Haugesund;1217;
516;Csikszereda;1215;
517;Novi Pazar;1214;
518;FK Sarajevo;1211;
519;Valur;1211;
520;Panserraikos;1211;
521;Borac Banja Luka;1211;
522;Lok Sofia;1209;
523;Ilves Tampere;1209;
524;Kragujevac;1208;
525;Ironi Tiberias;1207;
526;Cukaricki;1204;
527;Kazincbarcika;1204;
528;Dinamo Minsk;1203;
529;Ordabasy;1202;
530;Lokomotiv Plovdiv;1201;
531;Backa Topola;1200;
532;Akureyri;1199;
533;Radomlje;1198;
534;Zeleznicar Pancevo;1195;
535;Botev Plovdiv;1194;
536;Obolon;1191;
537;Klaksvík;1189;
538;Ballkani;1188;
539;Seinajoki;1187;
540;Unirea Slobozia;1185;
541;Dinamo Tirana;1184;
542;Ashdod;1182;
543;Banants;1182;
544;Auda;1179;
545;Neman Grodna;1179;
546;Daugavpils;1172;
547;OFK;1168;
548;Kiryat Shmona;1168;
549;Zalgiris Vilnius;1168;
550;Mura;1161;
551;Torpedo Kutaisi;1160;
552;Petrocub;1159;
553;Partizani Tirana;1159;
554;Egnatia;1158;
555;Aluminij;1155;
556;Mladost Lucani;1154;
557;Botev Vratsa;1153;
558;FC Spaeri;1150;
559;Metaloglobus;1150;
560;Dila Gori;1149;
561;Saburtalo;1149;
562;Vllaznia;1146;
563;Livingston;1144;
564;Primorje;1144;
565;Maccabi Bnei Raina;1137;
566;Beroe Stara Zagora;1134;
567;Levski Krumovgrad;1132;
568;Kauno Zalgiris;1131;
569;Flora Tallinn;1130;
570;Episentr;1129;
571;Radnik Surdulica;1129;
572;Kudrivka;1126;
573;Spartak Varna;1126;
574;Dinamo Brest;1125;
575;IMT;1125;
576;Vukovar;1124;
577;Zimbru;1122;
578;Hamrun;1117;
579;Niš;1117;
580;Domžale;1115;
581;Linfield;1113;
582;Banga;1112;
583;Tarpeda Zhodzina;1110;
584;Septemvri Sofia;1108;
585;Ivanjica;1108;
586;Milsami;1106;
587;Vardar;1106;
588;Hegelmann;1106;
589;Zlatibor;1103;
590;Decic;1098;
591;Sileks;1097;
592;SK Poltava;1091;
593;Rabotnicki;1088;
594;Prishtine;1083;
595;Paide Linnameeskond;1083;
596;Sutjeska;1082;
597;Nomme Kalju;1067;
598;The New Saints;1066;
599;Lincoln;1065;
600;Montana;1065;
601;Differdang;1064;
602;Floriana;1063;
603;Larne;1059;
604;Blagoevgrad;1058;
605;Malisheva;1056;
606;R Letzebuerg;1056;
607;Hibernians Paola;1055;
608;Kruševac;1055;
609;Dobrudzha;1053;
610;Dungannon;1052;
611;Birkirkara;1051;
612;FC Infonet;1050;
613;HB Tórshavn;1050;
614;Una Strassen;1048;
615;Hebar;1041;
616;Runavík;1039;
617;Dudelange;1036;
618;Podgorica;1035;
619;Gøta;1033;
620;Cliftonville;1033;
621;Escaldes;1002;
622;Penybont;988;
623;Haverfordwest;985;
624;St Josephs;968;
625;Santa Coloma;954;
626;Atletic Club Escaldes;944;
627;FCB Magpies;935;
628;SS Virtus;768;
629;Tre Fiori;736;
630;La Fiorita;716;
;;;
;;;