Date,Country,Home,Away,GD<-5,GD=-5,GD=-4,GD=-3,GD=-2,GD=-1,GD=0,GD=1,GD=2,GD=3,GD=4,GD=5,GD>5,R:0-0,R:0-1,R:1-0,R:0-2,R:1-1,R:2-0,R:0-3,R:1-2,R:2-1,R:3-0,R:0-4,R:1-3,R:2-2,R:3-1,R:4-0,R:0-5,R:1-4,R:2-3,R:3-2,R:4-1,R:5-0,R:0-6,R:1-5,R:2-4,R:3-3,R:4-2,R:5-1,R:6-0
2026-02-10,ENG,Chelsea,Leeds,0.0,0.001,0.0041,0.0113,0.039,0.1137,0.2091,0.2455,0.1876,0.1025,0.0564,0.0186,0.0111,0.0482,0.0474,0.1027,0.0187,0.0944,0.1039,0.0061,0.0438,0.1042,0.0644,0.0023,0.0159,0.0529,0.063,0.0363,0.0006,0.0039,0.0178,0.0302,0.0319,0.0143,0.0,0.0011,0.0042,0.0124,0.0191,0.0182,0.0068
2026-02-10,ENG,Everton,Bournemouth,0.0003,0.002,0.0055,0.0289,0.0778,0.1733,0.3017,0.2306,0.1148,0.0493,0.0118,0.003,0.001,0.092,0.0809,0.1132,0.0425,0.1463,0.0706,0.0202,0.0708,0.091,0.0367,0.0038,0.0297,0.0536,0.0382,0.0077,0.0016,0.0078,0.0202,0.0235,0.0111,0.0025,0.0002,0.0014,0.0053,0.0093,0.0053,0.0038,0.0007
2026-02-10,ENG,West Ham,Man United,0.0066,0.008,0.0311,0.0741,0.1338,0.2205,0.2379,0.1636,0.0844,0.0275,0.0111,0.0009,0.0004,0.0521,0.0814,0.061,0.0672,0.1032,0.0372,0.0411,0.0972,0.0706,0.0159,0.0204,0.0532,0.0613,0.0345,0.0076,0.0069,0.0273,0.0341,0.0266,0.0114,0.0007,0.0038,0.008,0.0101,0.0205,0.0113,0.0034,0.0003
2026-02-10,ENG,Birmingham,West Brom,0.0005,0.0011,0.0033,0.0165,0.0723,0.1627,0.2913,0.2452,0.1254,0.0542,0.0192,0.0063,0.0019,0.0888,0.0748,0.1227,0.0457,0.1401,0.0816,0.0121,0.0649,0.0922,0.035,0.0026,0.0229,0.0526,0.038,0.0127,0.0007,0.0041,0.0203,0.0254,0.0155,0.0054,0.0004,0.0006,0.0035,0.0081,0.0044,0.0048,0.0016
2026-02-10,ENG,Leicester,Southampton,0.0009,0.0018,0.0092,0.0356,0.0925,0.1894,0.2792,0.2158,0.1126,0.0418,0.0142,0.0065,0.0004,0.0754,0.0822,0.0917,0.0512,0.1247,0.0577,0.0256,0.0741,0.0881,0.028,0.0046,0.0319,0.0661,0.0434,0.0107,0.0016,0.0084,0.0287,0.0297,0.0126,0.0058,0.0009,0.0045,0.008,0.0122,0.0106,0.0025,0.0
2026-02-10,ENG,Tottenham,Newcastle,0.0007,0.0034,0.0128,0.0431,0.1033,0.1861,0.2783,0.2075,0.0999,0.0435,0.015,0.0055,0.0006,0.0691,0.073,0.0869,0.0503,0.1246,0.0554,0.0284,0.077,0.0822,0.0294,0.0094,0.0431,0.0685,0.037,0.0107,0.0014,0.0127,0.0294,0.0328,0.012,0.0033,0.0005,0.0031,0.008,0.0152,0.0066,0.0032,0.0003
2026-02-10,ENG,Oxford,Norwich,0.0009,0.0027,0.0138,0.0486,0.104,0.2064,0.2857,0.1985,0.0977,0.0298,0.009,0.002,0.0007,0.0823,0.1022,0.1007,0.0606,0.1388,0.0556,0.0354,0.0787,0.0776,0.02,0.0094,0.0357,0.0533,0.0336,0.0075,0.0024,0.0116,0.0209,0.0182,0.0081,0.0018,0.0007,0.0033,0.0059,0.0103,0.007,0.0015,0.0
2026-02-10,ITA,Venezia,Modena,0.0,0.0009,0.0029,0.0099,0.0378,0.1154,0.2217,0.257,0.1861,0.0961,0.0482,0.0156,0.0081,0.0637,0.0555,0.1233,0.0201,0.1014,0.1145,0.0061,0.0432,0.1033,0.0666,0.0019,0.0146,0.0472,0.0564,0.0346,0.0005,0.0029,0.0142,0.0256,0.0262,0.0123,0.0,0.0006,0.003,0.0088,0.0142,0.0127,0.0055
2026-02-10,ITA,Sampdoria,Palermo,0.0015,0.0052,0.0184,0.0475,0.1057,0.2231,0.2936,0.1862,0.0771,0.0281,0.0105,0.0028,0.0001,0.0949,0.1062,0.0924,0.0642,0.1316,0.0479,0.034,0.0887,0.0749,0.0207,0.0139,0.037,0.0562,0.0246,0.0069,0.0043,0.0119,0.026,0.0175,0.0055,0.0022,0.0014,0.0037,0.0037,0.0102,0.0045,0.0031,0.0
2026-02-10,ITA,Pescara,Catanzaro,0.005,0.0075,0.027,0.0691,0.1395,0.2278,0.2504,0.1622,0.0785,0.0243,0.0079,0.0004,0.0002,0.0648,0.0953,0.0675,0.0804,0.1116,0.0385,0.039,0.0939,0.0657,0.0146,0.0177,0.0476,0.0569,0.0317,0.0059,0.0063,0.0253,0.0325,0.0244,0.0092,0.0003,0.0031,0.0073,0.0086,0.0164,0.0074,0.002,0.0002
2026-02-10,ITA,Reggiana,Mantova,0.0005,0.0016,0.0077,0.0328,0.0884,0.1806,0.2895,0.2249,0.1076,0.0498,0.0115,0.0048,0.0002,0.0819,0.0771,0.1002,0.0472,0.1361,0.0603,0.0232,0.0784,0.0937,0.0345,0.0049,0.0343,0.0589,0.0391,0.008,0.0012,0.0081,0.0238,0.0278,0.013,0.0037,0.0005,0.0023,0.0065,0.0117,0.0079,0.0032,0.0001
2026-02-10,ITA,Padova,Carrarese,0.0007,0.0023,0.013,0.0412,0.0996,0.1896,0.3035,0.2039,0.0977,0.0355,0.0101,0.0024,0.0003,0.0949,0.0901,0.1058,0.0566,0.1423,0.0592,0.0312,0.0732,0.0734,0.0259,0.0103,0.0363,0.057,0.032,0.0082,0.0016,0.0084,0.0224,0.0223,0.0079,0.0018,0.0006,0.0023,0.0051,0.009,0.0059,0.0018,0.0002
2026-02-10,ITA,Entella,Cesena,0.0005,0.0025,0.012,0.0473,0.0999,0.21,0.2994,0.2008,0.0888,0.0272,0.009,0.0024,0.0002,0.0968,0.1075,0.1065,0.0596,0.1403,0.0516,0.0345,0.0808,0.0727,0.0184,0.0091,0.0342,0.0524,0.0288,0.007,0.0023,0.0114,0.0185,0.0193,0.0078,0.0023,0.0002,0.0021,0.0045,0.0084,0.0074,0.0018,0.0
2026-02-10,SCO,Hearts,Hibernian,0.0001,0.0008,0.0032,0.0201,0.0631,0.1432,0.2529,0.2531,0.1544,0.0697,0.0258,0.0088,0.0047,0.0699,0.065,0.1116,0.0341,0.1201,0.0885,0.0125,0.0622,0.1023,0.0443,0.0023,0.0224,0.0501,0.0538,0.0192,0.0007,0.0072,0.014,0.034,0.0217,0.0059,0.0,0.0009,0.0049,0.0116,0.0107,0.0057,0.003
2026-02-10,SUI,Luzern,Grasshoppers,0.0009,0.0015,0.004,0.0184,0.0748,0.1606,0.2685,0.2377,0.1298,0.0648,0.0266,0.0092,0.0031,0.0611,0.0592,0.0969,0.0415,0.1272,0.0746,0.0123,0.0678,0.0962,0.0364,0.003,0.0274,0.0635,0.0454,0.0152,0.0009,0.0055,0.0283,0.0355,0.0215,0.0074,0.0006,0.0009,0.0057,0.0128,0.0069,0.0078,0.0025
2026-02-11,ENG,Aston Villa,Brighton,0.0011,0.0009,0.0044,0.0164,0.0466,0.1298,0.2595,0.2439,0.1563,0.0838,0.0404,0.0124,0.0046,0.0664,0.0514,0.1089,0.0262,0.1208,0.0872,0.0102,0.061,0.099,0.0556,0.0034,0.0165,0.0579,0.0572,0.0318,0.0009,0.0054,0.014,0.0299,0.0223,0.0097,0.0005,0.001,0.0037,0.0131,0.0107,0.0076,0.0036
2026-02-11,ENG,Charlton,Stoke,0.0002,0.0013,0.0076,0.0324,0.0905,0.1917,0.3202,0.2187,0.0913,0.0338,0.0093,0.0026,0.0003,0.1261,0.1049,0.1248,0.0565,0.1393,0.0627,0.0246,0.0685,0.0739,0.0264,0.0062,0.0301,0.0479,0.0258,0.0076,0.0007,0.0072,0.0161,0.0182,0.0067,0.0019,0.0002,0.0013,0.0035,0.0067,0.0027,0.0014,0.0001
2026-02-11,ENG,Sunderland,Liverpool,0.0052,0.0146,0.0343,0.0935,0.1748,0.2712,0.2373,0.1192,0.037,0.0104,0.002,0.0004,0.0,0.0732,0.1361,0.0583,0.1115,0.1025,0.0227,0.0612,0.1044,0.0486,0.0065,0.0241,0.0507,0.0515,0.0117,0.0013,0.0111,0.0281,0.026,0.0107,0.0038,0.0001,0.0031,0.009,0.011,0.009,0.0026,0.0006,0.0
2026-02-11,ENG,Man City,Fulham,0.0,0.0014,0.0032,0.0103,0.0378,0.1019,0.1993,0.2481,0.1922,0.108,0.06,0.0244,0.0134,0.0452,0.0406,0.1008,0.0174,0.0889,0.1066,0.0057,0.0422,0.1068,0.0716,0.0022,0.0163,0.0529,0.0636,0.0416,0.0007,0.0031,0.0164,0.034,0.032,0.0173,0.0,0.0005,0.0038,0.0113,0.02,0.0169,0.0086
2026-02-11,ENG,Forest,Wolves,0.0005,0.0006,0.0034,0.0147,0.0454,0.126,0.2611,0.2549,0.1557,0.0813,0.0385,0.0121,0.0056,0.0707,0.0562,0.1218,0.0272,0.1231,0.0905,0.0087,0.0536,0.0999,0.0555,0.0024,0.0153,0.0554,0.0545,0.0281,0.0005,0.0052,0.0131,0.028,0.0205,0.0095,0.0004,0.001,0.0027,0.0102,0.0101,0.0094,0.0041
2026-02-11,ENG,Crystal Palace,Burnley,0.0002,0.0003,0.0026,0.0129,0.0451,0.1271,0.2693,0.2629,0.156,0.0763,0.0333,0.0094,0.0046,0.085,0.0641,0.1394,0.0293,0.1262,0.095,0.0083,0.0489,0.0978,0.055,0.0017,0.0136,0.0495,0.0519,0.0243,0.0003,0.004,0.0115,0.022,0.0176,0.0075,0.0002,0.0009,0.002,0.0074,0.0087,0.0083,0.0033
2026-02-11,ITA,Bari,Spezia,0.0005,0.0016,0.0107,0.0368,0.0941,0.1905,0.3217,0.2084,0.0932,0.032,0.0085,0.0018,0.0002,0.1187,0.1016,0.1202,0.0583,0.1472,0.0613,0.0293,0.0688,0.0689,0.0246,0.0089,0.0312,0.0492,0.0274,0.0071,0.0012,0.0065,0.0176,0.0177,0.0062,0.0014,0.0004,0.0016,0.0036,0.0064,0.0042,0.0013,0.0002
2026-02-11,ITA,Empoli,Juve Stabia,0.0003,0.0032,0.006,0.0237,0.0711,0.1663,0.3065,0.2343,0.1192,0.0484,0.0141,0.0049,0.002,0.1063,0.0872,0.1177,0.0467,0.146,0.0715,0.0148,0.0645,0.0966,0.0332,0.0042,0.0209,0.0478,0.0412,0.0103,0.0031,0.0073,0.0131,0.0173,0.0132,0.0047,0.0001,0.0013,0.0031,0.0063,0.0059,0.0029,0.0016
2026-02-11,ITA,Suedtirol,Monza,0.0015,0.0051,0.018,0.0479,0.1073,0.225,0.293,0.1862,0.0759,0.0271,0.0101,0.0027,0.0001,0.0973,0.1104,0.0946,0.067,0.1315,0.0481,0.0345,0.0881,0.074,0.0203,0.0136,0.0359,0.0539,0.0237,0.0066,0.0042,0.012,0.0245,0.0162,0.005,0.0021,0.0014,0.0034,0.0035,0.0097,0.004,0.0031,0.0
2026-02-11,NED,Go Ahead Eagles,Heerenveen,0.0006,0.0038,0.0078,0.0313,0.0792,0.1537,0.2653,0.2331,0.1283,0.0639,0.023,0.0074,0.0025,0.0613,0.0594,0.0987,0.0433,0.1326,0.0663,0.0192,0.0692,0.1017,0.0391,0.0059,0.0301,0.0571,0.0516,0.0165,0.0036,0.0092,0.0214,0.0269,0.0203,0.0066,0.0004,0.0015,0.0047,0.0118,0.008,0.0048,0.002
2026-02-11,NED,Nijmegen,Utrecht,0.0009,0.0011,0.0045,0.0199,0.0583,0.1336,0.2388,0.238,0.1626,0.085,0.0382,0.0126,0.0064,0.0519,0.0487,0.0905,0.0284,0.1092,0.0804,0.0121,0.0632,0.1017,0.0507,0.0032,0.022,0.0593,0.0646,0.0282,0.0009,0.0074,0.0176,0.0375,0.0276,0.0085,0.0002,0.0013,0.0062,0.017,0.0155,0.0081,0.0041
2026-02-11,SCO,Falkirk,Dundee,0.0006,0.0012,0.0035,0.0173,0.0729,0.1622,0.2886,0.2444,0.1258,0.0553,0.0198,0.0065,0.0019,0.0855,0.0731,0.1202,0.0455,0.1393,0.0807,0.0125,0.0654,0.0931,0.0354,0.0028,0.0235,0.0534,0.039,0.0131,0.0009,0.0043,0.0208,0.0261,0.016,0.0055,0.0004,0.0006,0.0037,0.0085,0.0046,0.005,0.0016
2026-02-11,SCO,Celtic,Livingston,0.0,0.0,0.001,0.0009,0.0051,0.0227,0.0773,0.1944,0.2218,0.1895,0.1352,0.077,0.075,0.0197,0.0114,0.0904,0.0032,0.0344,0.1256,0.0004,0.0081,0.0767,0.1181,0.0009,0.0012,0.0171,0.0784,0.0857,0.0,0.0005,0.0024,0.0223,0.0575,0.0579,0.0,0.0001,0.0,0.0053,0.0155,0.0411,0.0349
2026-02-11,SCO,Motherwell,Rangers,0.0033,0.0056,0.0226,0.0623,0.1322,0.2291,0.2614,0.1706,0.0802,0.0238,0.0082,0.0005,0.0002,0.0824,0.1094,0.0826,0.0798,0.1179,0.0426,0.04,0.093,0.0673,0.0158,0.0165,0.0446,0.049,0.0304,0.006,0.0051,0.0196,0.0231,0.0177,0.008,0.0003,0.002,0.0049,0.0061,0.0118,0.0064,0.0022,0.0002
2026-02-11,SCO,Kilmarnock,St Mirren,0.0006,0.0013,0.007,0.0319,0.0884,0.1931,0.2988,0.2199,0.1053,0.0371,0.0114,0.0047,0.0002,0.101,0.0979,0.1096,0.0546,0.1328,0.0615,0.0244,0.0708,0.0838,0.0268,0.004,0.0277,0.0562,0.0364,0.0091,0.0012,0.0066,0.0217,0.0227,0.0095,0.0043,0.0006,0.0029,0.0054,0.0084,0.0069,0.0017,0.0
2026-02-11,SCO,Dundee United,Aberdeen,0.0004,0.0036,0.0068,0.027,0.0736,0.1649,0.2933,0.2304,0.1234,0.0529,0.0159,0.0053,0.0024,0.0878,0.0781,0.106,0.0438,0.1422,0.07,0.0163,0.0676,0.0988,0.0353,0.0044,0.0248,0.0543,0.0451,0.0107,0.0034,0.0089,0.0171,0.0218,0.015,0.005,0.0001,0.0016,0.0044,0.0086,0.0072,0.0041,0.0019
2026-02-11,SUI,Zuerich,Winterthur,0.0003,0.0012,0.0041,0.023,0.067,0.1368,0.233,0.2434,0.1585,0.0792,0.0329,0.0134,0.0073,0.0479,0.0503,0.0868,0.0298,0.1067,0.0784,0.0131,0.0636,0.103,0.0445,0.0026,0.0262,0.0584,0.0616,0.022,0.001,0.0093,0.0192,0.045,0.0285,0.0078,0.0,0.0015,0.0076,0.0177,0.016,0.0091,0.0042
2026-02-11,SUI,Lugano,Servette,0.0008,0.0024,0.0056,0.0242,0.0773,0.1568,0.2647,0.2358,0.1295,0.0656,0.0258,0.0086,0.0027,0.0588,0.0574,0.0969,0.042,0.1283,0.0708,0.0156,0.0685,0.0984,0.038,0.0044,0.0293,0.061,0.0484,0.0163,0.002,0.007,0.0261,0.0326,0.0215,0.0072,0.0006,0.0011,0.0053,0.0129,0.0073,0.0067,0.0023
2026-02-11,SUI,StGallen,Young Boys,0.0005,0.0041,0.0079,0.035,0.0823,0.1637,0.2684,0.2209,0.1284,0.0613,0.0201,0.0045,0.0029,0.0522,0.0563,0.0806,0.0346,0.1279,0.0642,0.0201,0.0717,0.0962,0.0397,0.0046,0.0368,0.0694,0.0514,0.0105,0.0032,0.0129,0.0316,0.0365,0.0176,0.0038,0.0003,0.0024,0.0101,0.0175,0.0095,0.0084,0.002
2026-02-12,ENG,Brentford,Arsenal,0.0057,0.0156,0.0441,0.0876,0.1679,0.2421,0.2382,0.1342,0.0448,0.0144,0.0042,0.0007,0.0005,0.0661,0.1051,0.0591,0.0963,0.108,0.0252,0.0566,0.0968,0.0565,0.0087,0.0309,0.0572,0.0493,0.0155,0.0027,0.0117,0.0243,0.0332,0.0154,0.0047,0.0007,0.0037,0.0107,0.0135,0.0129,0.0039,0.0009,0.0005
2026-02-12,SUI,Sion,Basel,0.0008,0.0039,0.016,0.0506,0.1024,0.2097,0.2902,0.1934,0.0876,0.0304,0.0114,0.0034,0.0,0.0813,0.0926,0.09,0.0552,0.1324,0.0466,0.0348,0.0876,0.075,0.0195,0.0118,0.0398,0.0623,0.0301,0.0081,0.0034,0.0139,0.0255,0.0253,0.0093,0.003,0.0004,0.0029,0.0052,0.0114,0.0098,0.0031,0.0
2026-02-12,SUI,Thun,Lausanne,0.0003,0.003,0.006,0.03,0.0766,0.1674,0.2906,0.2285,0.1231,0.0539,0.0151,0.0034,0.0019,0.0774,0.0725,0.1033,0.0391,0.1428,0.0715,0.0193,0.0697,0.0943,0.0384,0.004,0.0307,0.0587,0.0439,0.0091,0.0025,0.0095,0.0229,0.0267,0.0133,0.003,0.0002,0.0016,0.0063,0.0111,0.0063,0.0053,0.0014
2026-02-13,BEL,Mechelen,Genk,0.0007,0.0037,0.0156,0.0512,0.1027,0.2089,0.2895,0.1941,0.0883,0.0303,0.0114,0.0034,0.0,0.0806,0.0926,0.0904,0.0552,0.1325,0.0465,0.0351,0.0874,0.0748,0.0192,0.0115,0.0398,0.0621,0.0304,0.0081,0.0033,0.0142,0.025,0.0255,0.0095,0.0031,0.0003,0.0027,0.0054,0.0114,0.0102,0.0031,0.0
2026-02-13,BUL,Spartak Varna,Lok Sofia,0.0004,0.0029,0.0133,0.0509,0.1017,0.2086,0.2937,0.198,0.0882,0.0287,0.0105,0.0031,0.0,0.0869,0.0983,0.0976,0.0567,0.1358,0.0474,0.0354,0.0854,0.0729,0.0182,0.0101,0.0376,0.0585,0.0297,0.0077,0.0027,0.0138,0.0212,0.0241,0.0093,0.003,0.0,0.002,0.005,0.0099,0.0099,0.0026,0.0
2026-02-13,CRO,Slaven Belupo,Lok Zagreb,0.0004,0.0023,0.0089,0.0377,0.0975,0.1889,0.2841,0.2173,0.0996,0.0424,0.0145,0.0057,0.0006,0.0815,0.0826,0.0968,0.0516,0.1251,0.0585,0.0251,0.0759,0.0859,0.0298,0.0062,0.0381,0.0637,0.0354,0.0105,0.001,0.0115,0.0254,0.0295,0.0115,0.0038,0.0003,0.0027,0.0069,0.013,0.0051,0.0027,0.0002
2026-02-13,DEN,Randers,Vejle,0.0011,0.0009,0.0045,0.0163,0.0471,0.1306,0.2587,0.2416,0.1581,0.0842,0.0405,0.0118,0.0045,0.0667,0.0512,0.1078,0.0265,0.12,0.087,0.0106,0.0617,0.0988,0.0559,0.0035,0.0166,0.0577,0.0588,0.032,0.0009,0.0051,0.0143,0.0289,0.0226,0.0093,0.0004,0.001,0.0038,0.0133,0.0112,0.0073,0.0034
2026-02-13,ESP,Elche,Osasuna,0.0008,0.0028,0.0138,0.0492,0.1038,0.2066,0.2866,0.1982,0.0962,0.0297,0.0093,0.0022,0.0006,0.0825,0.1011,0.0997,0.0598,0.138,0.0541,0.0355,0.08,0.0769,0.0197,0.0096,0.0362,0.0545,0.033,0.0076,0.0025,0.0121,0.0211,0.0194,0.0084,0.002,0.0005,0.0031,0.0058,0.0103,0.0076,0.0017,0.0
2026-02-13,FRA,Rennes,Paris SG,0.0168,0.0342,0.0779,0.1314,0.1965,0.2446,0.1699,0.0833,0.0338,0.0096,0.0015,0.0004,0.0,0.0379,0.0945,0.0316,0.0996,0.0739,0.0161,0.0758,0.103,0.0317,0.005,0.0503,0.0758,0.043,0.0123,0.0013,0.0256,0.0403,0.0385,0.0169,0.004,0.0004,0.0083,0.0235,0.0182,0.0133,0.0052,0.0002,0.0
2026-02-13,FRA,Red Star,Nancy,0.0001,0.0007,0.0026,0.0198,0.0586,0.1536,0.2795,0.2538,0.1428,0.0579,0.0224,0.0063,0.0018,0.0947,0.0732,0.131,0.0319,0.1286,0.0918,0.0153,0.0643,0.0937,0.0399,0.0015,0.0216,0.0464,0.0434,0.0159,0.0007,0.0044,0.0145,0.0271,0.0163,0.0044,0.0,0.0011,0.0046,0.0092,0.007,0.0061,0.001
2026-02-13,FRA,Monaco,Nantes,0.0,0.0014,0.0029,0.0105,0.0384,0.1082,0.2068,0.2493,0.1895,0.1049,0.056,0.0207,0.0113,0.0515,0.0464,0.1078,0.0184,0.0933,0.1093,0.006,0.0432,0.1049,0.071,0.002,0.0162,0.0507,0.0609,0.0403,0.0007,0.003,0.016,0.0312,0.0306,0.0153,0.0,0.0005,0.0035,0.0105,0.0179,0.0147,0.0075
2026-02-13,FRA,Laval,Annecy,0.0007,0.0032,0.0135,0.0437,0.0966,0.2154,0.3102,0.1965,0.0812,0.0269,0.0092,0.0026,0.0,0.1077,0.1086,0.104,0.0581,0.1395,0.0493,0.0324,0.0838,0.0719,0.0191,0.0107,0.0342,0.0536,0.0252,0.007,0.0029,0.0101,0.0208,0.019,0.0068,0.0022,0.0005,0.0023,0.0034,0.0079,0.0062,0.0022,0.0
2026-02-13,FRA,Amiens,Dunkerque,0.0028,0.0051,0.0207,0.0561,0.1132,0.2351,0.2776,0.1804,0.0727,0.0244,0.0098,0.002,0.0001,0.0874,0.112,0.0867,0.069,0.1233,0.0448,0.0381,0.0943,0.0737,0.017,0.0159,0.0385,0.0546,0.0222,0.0069,0.0043,0.0155,0.0255,0.0182,0.0061,0.0016,0.0023,0.0037,0.0046,0.012,0.0056,0.0024,0.0
2026-02-13,FRA,Clermont,Rodez,0.0003,0.0021,0.0091,0.0374,0.0974,0.1894,0.2932,0.2166,0.0962,0.0403,0.013,0.0045,0.0005,0.0914,0.0874,0.1038,0.0533,0.1301,0.0598,0.0256,0.0749,0.0824,0.0293,0.0069,0.0375,0.0598,0.032,0.0097,0.0009,0.0107,0.0227,0.0265,0.01,0.0029,0.0002,0.0021,0.0058,0.0113,0.0038,0.0024,0.0002
2026-02-13,FRA,Pau,Boulogne,0.0006,0.0012,0.0036,0.019,0.0703,0.1583,0.2707,0.2415,0.1348,0.0627,0.0259,0.0087,0.0026,0.0694,0.0627,0.1058,0.0382,0.1277,0.08,0.0136,0.0677,0.0959,0.0377,0.0024,0.026,0.0589,0.0455,0.0158,0.0008,0.0051,0.0241,0.0339,0.0202,0.0065,0.0004,0.0012,0.0058,0.0123,0.0075,0.008,0.0018
2026-02-13,GER,Nuernberg,Karlsruhe,0.0011,0.0022,0.0107,0.0381,0.0955,0.1868,0.2685,0.2132,0.1147,0.0447,0.0162,0.0077,0.0005,0.0625,0.0726,0.0813,0.0484,0.1179,0.0546,0.0259,0.0753,0.089,0.0285,0.0051,0.0353,0.0715,0.0463,0.0116,0.0018,0.0101,0.0331,0.0346,0.0145,0.0065,0.001,0.0054,0.0099,0.0153,0.0126,0.0031,0.0001
2026-02-13,GER,Dortmund,Mainz,0.0,0.0012,0.0033,0.0094,0.0363,0.0952,0.1963,0.2525,0.1951,0.1085,0.0611,0.0268,0.0142,0.0435,0.037,0.1013,0.0169,0.0874,0.1082,0.0052,0.0406,0.1096,0.0725,0.0025,0.0155,0.0533,0.0645,0.0415,0.0007,0.0029,0.0152,0.0349,0.0307,0.0186,0.0,0.0004,0.0035,0.0108,0.0202,0.0177,0.009
2026-02-13,GER,Duesseldorf,Muenster,0.0005,0.0013,0.0037,0.0181,0.073,0.1616,0.29,0.245,0.125,0.0546,0.0192,0.0061,0.0018,0.0876,0.0741,0.1227,0.0459,0.1406,0.0803,0.0131,0.0652,0.0929,0.0355,0.003,0.0234,0.0519,0.0388,0.013,0.001,0.0044,0.0197,0.0247,0.0155,0.0053,0.0004,0.0006,0.0035,0.0081,0.0044,0.0046,0.0015
2026-02-13,ITA,Pisa,Milan,0.0125,0.0274,0.0685,0.1247,0.199,0.2614,0.1858,0.0804,0.0302,0.0089,0.001,0.0001,0.0,0.054,0.123,0.0357,0.1204,0.0866,0.019,0.0791,0.1065,0.0325,0.0054,0.0488,0.0643,0.0365,0.0085,0.0008,0.0229,0.0352,0.0274,0.0106,0.0032,0.0001,0.0065,0.0172,0.013,0.0077,0.0027,0.0002,0.0
2026-02-13,NED,Volendam,PSV,0.0673,0.0709,0.1238,0.1777,0.2062,0.1931,0.1034,0.0428,0.0116,0.003,0.0002,0.0,0.0,0.0251,0.0804,0.0174,0.1107,0.0483,0.0063,0.1043,0.0798,0.0186,0.0019,0.0839,0.0741,0.023,0.0038,0.0001,0.0506,0.0594,0.0269,0.0061,0.001,0.0,0.0248,0.0325,0.0192,0.006,0.0014,0.0,0.0
2026-02-13,POL,Katowice,Legia,0.0004,0.0036,0.007,0.03,0.0764,0.1648,0.2851,0.2275,0.1252,0.0557,0.0168,0.0048,0.0025,0.0746,0.0707,0.0985,0.0404,0.1393,0.0692,0.0181,0.0696,0.0979,0.0374,0.0044,0.0293,0.0595,0.0469,0.0104,0.0032,0.0101,0.0219,0.0265,0.0155,0.0044,0.0002,0.0018,0.0061,0.0112,0.0077,0.0053,0.0019
2026-02-13,POL,Radomiak,Korona,0.0005,0.0033,0.007,0.0295,0.0784,0.1546,0.2732,0.2381,0.1256,0.0606,0.021,0.0064,0.0019,0.0702,0.0643,0.1097,0.0452,0.1381,0.0692,0.0193,0.0682,0.1,0.039,0.0056,0.0285,0.0528,0.048,0.0158,0.0031,0.0079,0.0191,0.0239,0.018,0.0058,0.0004,0.0012,0.0038,0.0099,0.0064,0.004,0.0016
2026-02-13,POR,Santa Clara,Benfica,0.0157,0.0311,0.061,0.129,0.2287,0.2568,0.1817,0.0716,0.0198,0.0034,0.0007,0.0005,0.0,0.0668,0.141,0.0385,0.1482,0.084,0.0132,0.0896,0.0929,0.0258,0.0021,0.0432,0.0666,0.0264,0.0055,0.0006,0.024,0.0342,0.0202,0.0061,0.0011,0.0002,0.0079,0.0156,0.0124,0.0043,0.0011,0.0,0.0
2026-02-13,POR,Tondela,Alverca,0.0004,0.0016,0.0074,0.0338,0.0924,0.1916,0.2982,0.2202,0.099,0.0385,0.012,0.0045,0.0004,0.1004,0.0946,0.1097,0.0541,0.1313,0.0613,0.0242,0.0726,0.0831,0.0283,0.0051,0.0324,0.0566,0.0327,0.0093,0.0009,0.0087,0.021,0.0239,0.0095,0.0034,0.0003,0.0023,0.0053,0.0095,0.0046,0.002,0.0001
2026-02-13,TUR,Galatasaray,Eyupspor,0.0,0.0,0.0003,0.0017,0.0068,0.0327,0.1162,0.2306,0.2315,0.1763,0.1082,0.0586,0.037,0.0313,0.0138,0.107,0.0047,0.0555,0.1412,0.0006,0.0127,0.0949,0.1167,0.0003,0.0016,0.0235,0.0742,0.077,0.0,0.0009,0.0053,0.0242,0.0493,0.0468,0.0,0.0,0.0004,0.0056,0.0147,0.0272,0.0195
2026-02-13,TUR,Antalyaspor,Samsunspor,0.0011,0.004,0.0157,0.0401,0.095,0.2194,0.3156,0.1917,0.0779,0.0277,0.0094,0.0025,0.0,0.1133,0.1086,0.0999,0.0576,0.1387,0.0498,0.0305,0.0853,0.0734,0.0207,0.0124,0.0343,0.0544,0.0235,0.0069,0.0035,0.0084,0.0238,0.0176,0.0058,0.0019,0.0009,0.003,0.0029,0.0079,0.0044,0.0023,0.0
2026-02-14,AUT,Wattens,Sturm Graz,0.0037,0.0105,0.0372,0.0809,0.1503,0.2453,0.2629,0.1354,0.0472,0.0211,0.0045,0.0009,0.0001,0.0749,0.1049,0.0614,0.0842,0.1212,0.0238,0.0515,0.0988,0.0544,0.0133,0.027,0.0533,0.0476,0.0195,0.0026,0.0065,0.0242,0.0321,0.0152,0.007,0.0005,0.002,0.0081,0.0121,0.0174,0.0031,0.0015,0.0001
2026-02-14,AUT,Ried,LASK,0.0035,0.0059,0.0234,0.0635,0.1336,0.2286,0.259,0.1692,0.0803,0.024,0.0082,0.0005,0.0002,0.079,0.1068,0.08,0.0799,0.1169,0.042,0.04,0.0934,0.0672,0.0157,0.0168,0.0454,0.0503,0.0309,0.006,0.0053,0.0205,0.0244,0.0187,0.0082,0.0003,0.0022,0.0053,0.0065,0.0125,0.0067,0.0022,0.0002
2026-02-14,AUT,Hartberg,Altach,0.0001,0.0007,0.0026,0.0187,0.0592,0.1506,0.275,0.2568,0.146,0.0598,0.0215,0.0063,0.0025,0.0932,0.0753,0.1315,0.0343,0.1281,0.0931,0.0134,0.0616,0.0959,0.0412,0.0018,0.0203,0.0446,0.045,0.0162,0.0006,0.0051,0.0124,0.0266,0.0166,0.0045,0.0,0.0008,0.0039,0.0086,0.0072,0.0049,0.0016
2026-02-14,BEL,Standard,St Gillis,0.0054,0.0132,0.04,0.0946,0.1773,0.2749,0.2444,0.1091,0.0329,0.0073,0.0006,0.0001,0.0,0.0973,0.1587,0.0666,0.1136,0.1068,0.0216,0.0681,0.0931,0.0337,0.0056,0.0313,0.0546,0.0334,0.0098,0.0004,0.011,0.0232,0.0211,0.0081,0.0015,0.0001,0.0033,0.0078,0.0082,0.0061,0.0014,0.0002,0.0
2026-02-14,BEL,Charleroi,Gent,0.0005,0.0026,0.006,0.0266,0.0775,0.1556,0.2758,0.241,0.1254,0.0598,0.021,0.0064,0.0018,0.0729,0.0655,0.1138,0.0455,0.1387,0.0722,0.0181,0.0676,0.0981,0.0386,0.005,0.0277,0.0524,0.0457,0.0155,0.0024,0.0067,0.0196,0.0244,0.0175,0.0056,0.0004,0.0009,0.0037,0.0096,0.0056,0.0042,0.0015
2026-02-14,BEL,Leuven,Dender,0.0001,0.0008,0.0027,0.0201,0.0585,0.1542,0.28,0.2529,0.1422,0.0576,0.0227,0.0064,0.0017,0.0943,0.0725,0.1303,0.0313,0.1286,0.0914,0.0157,0.065,0.0933,0.0396,0.0015,0.022,0.047,0.0432,0.0159,0.0007,0.0043,0.0151,0.0274,0.0164,0.0045,0.0,0.0012,0.0048,0.0095,0.007,0.0065,0.0009
2026-02-14,CZE,Dukla,Tescoma Zlin,0.0006,0.0013,0.0069,0.0316,0.0879,0.1934,0.2999,0.22,0.1054,0.0368,0.0112,0.0047,0.0002,0.1024,0.0989,0.1105,0.0547,0.1332,0.0617,0.0243,0.0704,0.0835,0.0267,0.0039,0.0272,0.0556,0.0363,0.009,0.0012,0.0064,0.0214,0.0223,0.0094,0.0043,0.0006,0.0029,0.0053,0.0081,0.0069,0.0016,0.0
2026-02-14,CZE,Sigma Olomouc,Viktoria Plzen,0.0036,0.0096,0.0349,0.0766,0.1537,0.2469,0.2662,0.1404,0.0461,0.0173,0.0035,0.0008,0.0003,0.0868,0.1161,0.0689,0.0921,0.1214,0.0262,0.0529,0.0968,0.0549,0.0111,0.0261,0.0516,0.043,0.0165,0.0024,0.0072,0.0196,0.0278,0.0133,0.0053,0.0006,0.0024,0.0071,0.0096,0.0138,0.0031,0.0009,0.0003
2026-02-14,CZE,Karvina,Slavia Praha,0.0125,0.0277,0.0544,0.116,0.1856,0.2481,0.2089,0.0979,0.0372,0.009,0.0024,0.0003,0.0,0.0474,0.1039,0.041,0.0954,0.0916,0.0194,0.0661,0.1047,0.0399,0.0052,0.0352,0.0689,0.0508,0.0138,0.0011,0.0212,0.0404,0.0331,0.0139,0.0032,0.0001,0.0061,0.0164,0.0177,0.0168,0.0038,0.0013,0.0
2026-02-14,CZE,Slovacko,Bohemians Praha,0.0002,0.0015,0.0051,0.0274,0.0772,0.1767,0.3117,0.2323,0.1089,0.0456,0.0099,0.0028,0.0006,0.1065,0.0883,0.1217,0.0451,0.1482,0.0699,0.0201,0.0701,0.0882,0.0348,0.0037,0.0277,0.0489,0.0341,0.0069,0.0012,0.0065,0.0174,0.0203,0.0096,0.0023,0.0002,0.0012,0.0043,0.0076,0.0045,0.0028,0.0004
2026-02-14,DEN,FC Kobenhavn,Nordsjaelland,0.0015,0.001,0.0051,0.0172,0.0498,0.1308,0.2452,0.2307,0.1656,0.0908,0.0446,0.0123,0.0052,0.0552,0.045,0.0924,0.0258,0.1107,0.0814,0.0116,0.0637,0.0992,0.0567,0.0038,0.0184,0.0614,0.0674,0.0345,0.0009,0.0053,0.0174,0.0311,0.0269,0.0094,0.0004,0.0012,0.0054,0.0171,0.0153,0.0081,0.0037
2026-02-14,ENG,Portsmouth,Sheffield United,0.0017,0.0056,0.0198,0.0463,0.1019,0.2185,0.2939,0.1861,0.0803,0.0307,0.0116,0.0033,0.0001,0.0875,0.0954,0.0861,0.0574,0.131,0.0473,0.0329,0.0901,0.0771,0.0217,0.0146,0.0399,0.0623,0.0269,0.0079,0.0046,0.0115,0.0303,0.0215,0.0069,0.0024,0.0015,0.0043,0.0041,0.0115,0.0059,0.0034,0.0001
2026-02-14,ENG,Preston,Watford,0.0002,0.0028,0.0055,0.0253,0.0718,0.1681,0.3065,0.2333,0.1191,0.0487,0.0132,0.0038,0.0017,0.1016,0.0852,0.1176,0.0438,0.1477,0.0732,0.0166,0.0657,0.0936,0.0349,0.0038,0.0238,0.0497,0.0399,0.0091,0.0026,0.0075,0.0157,0.0193,0.012,0.0036,0.0001,0.0013,0.0038,0.0072,0.0053,0.0034,0.0013
2026-02-14,ENG,Derby,Swansea,0.0003,0.0032,0.0062,0.0271,0.0737,0.1664,0.2968,0.231,0.1221,0.0518,0.0149,0.0044,0.0021,0.0897,0.0792,0.1091,0.0429,0.1443,0.0714,0.017,0.0675,0.0964,0.0358,0.0041,0.0257,0.0538,0.0433,0.0099,0.0029,0.0086,0.0178,0.0219,0.0137,0.0042,0.0001,0.0015,0.0046,0.0086,0.0064,0.0041,0.0016
2026-02-14,ENG,Sheffield Weds,Millwall,0.0038,0.0129,0.037,0.0802,0.1664,0.2512,0.2531,0.1368,0.0424,0.0121,0.0035,0.0004,0.0002,0.0845,0.1269,0.0688,0.1062,0.115,0.0266,0.055,0.0932,0.0542,0.0082,0.0276,0.0492,0.0448,0.0132,0.0025,0.0098,0.0206,0.0265,0.012,0.0035,0.0004,0.0025,0.008,0.0104,0.0076,0.0025,0.0007,0.0002
2026-02-14,ENG,QPR,Blackburn,0.0004,0.0008,0.0027,0.016,0.0681,0.162,0.2959,0.2484,0.1276,0.0521,0.0185,0.0057,0.0016,0.0986,0.0785,0.1306,0.0432,0.1396,0.0856,0.0123,0.0637,0.0902,0.035,0.0021,0.0213,0.049,0.0367,0.0126,0.0006,0.0036,0.0178,0.024,0.0143,0.0047,0.0003,0.0006,0.0035,0.0075,0.0044,0.0048,0.0012
2026-02-14,ESP,Real Madrid,Sociedad,0.0,0.0,0.0004,0.0035,0.0214,0.0611,0.1706,0.2613,0.2005,0.1452,0.0813,0.037,0.0175,0.0427,0.0213,0.1144,0.0091,0.0732,0.1121,0.0027,0.0285,0.1031,0.0991,0.0004,0.0099,0.0437,0.0667,0.0499,0.0,0.0008,0.0105,0.0383,0.0372,0.0298,0.0,0.0,0.0024,0.01,0.0201,0.0279,0.0097
2026-02-14,ESP,Sevilla,Alaves,0.0002,0.0028,0.0055,0.0249,0.0715,0.1681,0.3077,0.2336,0.1187,0.0482,0.0131,0.0039,0.0017,0.1037,0.0862,0.1185,0.0442,0.1478,0.0731,0.0163,0.0653,0.0936,0.0346,0.0038,0.0232,0.049,0.0397,0.0091,0.0026,0.0074,0.0151,0.0188,0.0119,0.0037,0.0001,0.0012,0.0037,0.0069,0.0053,0.0033,0.0013
2026-02-14,ESP,Espanyol,Celta,0.0002,0.002,0.0082,0.0364,0.0965,0.1898,0.2918,0.2191,0.0962,0.0408,0.0134,0.0048,0.0005,0.0917,0.088,0.1041,0.0529,0.1281,0.06,0.0246,0.075,0.0841,0.0297,0.0061,0.0371,0.0598,0.032,0.0099,0.0008,0.011,0.0225,0.0268,0.0103,0.0031,0.0001,0.0021,0.0059,0.0115,0.0036,0.0024,0.0002
2026-02-14,ESP,Granada,Valladolid,0.0002,0.0007,0.0031,0.0181,0.0591,0.144,0.2636,0.2544,0.1528,0.0676,0.0251,0.0075,0.0037,0.0816,0.0694,0.1223,0.0344,0.1245,0.0919,0.0119,0.0608,0.0997,0.0455,0.0023,0.0196,0.0471,0.051,0.0197,0.0006,0.0059,0.0121,0.0284,0.0191,0.0054,0.0,0.0007,0.0038,0.0097,0.009,0.0046,0.0025
2026-02-14,ESP,Leonesa,Zaragoza,0.0003,0.0028,0.0057,0.0289,0.0753,0.168,0.2957,0.23,0.1218,0.0523,0.0142,0.0032,0.0017,0.0837,0.076,0.1082,0.0399,0.1452,0.0727,0.019,0.0689,0.0934,0.0379,0.0038,0.0293,0.0562,0.0422,0.0088,0.0023,0.0089,0.0212,0.0247,0.0124,0.0029,0.0002,0.0014,0.0057,0.01,0.0058,0.0048,0.0013
2026-02-14,ESP,Cordoba,Leganes,0.0004,0.0013,0.0065,0.0304,0.0854,0.184,0.3019,0.2268,0.1043,0.0446,0.01,0.004,0.0001,0.0989,0.0878,0.1118,0.0498,0.1403,0.0625,0.0227,0.075,0.0895,0.0325,0.0043,0.0303,0.0532,0.0352,0.0074,0.001,0.0067,0.0201,0.023,0.0107,0.0033,0.0004,0.0019,0.0051,0.0089,0.0062,0.0024,0.0001
2026-02-14,ESP,Burgos,Cadiz,0.0002,0.0024,0.0051,0.0227,0.0712,0.1634,0.3106,0.2427,0.1158,0.0468,0.0135,0.0041,0.0013,0.1138,0.0882,0.1333,0.0481,0.1488,0.0737,0.0159,0.0621,0.0921,0.0336,0.004,0.0204,0.0422,0.0372,0.0107,0.0024,0.0058,0.0118,0.0152,0.0115,0.0039,0.0001,0.0009,0.0023,0.0053,0.0042,0.0023,0.0011
2026-02-14,ESP,Getafe,Villarreal,0.0017,0.0056,0.0193,0.0509,0.1107,0.2252,0.2849,0.184,0.0762,0.0277,0.0108,0.0029,0.0001,0.0892,0.1073,0.0907,0.0682,0.1286,0.0472,0.0357,0.0896,0.0749,0.0204,0.0143,0.0374,0.0555,0.0246,0.0067,0.0046,0.0135,0.026,0.0167,0.0051,0.0022,0.0016,0.0038,0.004,0.0109,0.0043,0.0035,0.0
2026-02-14,FRA,Marseille,Strasbourg,0.0009,0.0014,0.0039,0.0183,0.0738,0.1601,0.2679,0.2381,0.1312,0.0649,0.027,0.0094,0.0031,0.0616,0.0592,0.0972,0.0405,0.1264,0.0755,0.0124,0.0678,0.0961,0.0367,0.0028,0.0272,0.0633,0.0457,0.0154,0.0008,0.0054,0.028,0.036,0.0216,0.0074,0.0006,0.001,0.0059,0.0131,0.0073,0.0082,0.0025
2026-02-14,FRA,Lille,Brest,0.0002,0.001,0.0032,0.0216,0.062,0.1533,0.2679,0.2469,0.1443,0.0624,0.0268,0.0082,0.0022,0.0774,0.064,0.1151,0.0302,0.1237,0.0869,0.0165,0.0679,0.096,0.0405,0.0016,0.0249,0.0533,0.0476,0.0175,0.0009,0.005,0.0191,0.0331,0.0197,0.0054,0.0,0.0016,0.0064,0.0125,0.0089,0.0087,0.001
2026-02-14,FRA,Paris FC,Lens,0.0039,0.013,0.0375,0.0806,0.166,0.25,0.2522,0.1371,0.0429,0.0125,0.0036,0.0005,0.0003,0.0831,0.1244,0.0682,0.1047,0.1147,0.0266,0.0552,0.0938,0.0546,0.0083,0.0278,0.0502,0.0449,0.0135,0.0025,0.0099,0.0207,0.0271,0.0123,0.0037,0.0005,0.0026,0.0082,0.0105,0.0084,0.0027,0.0007,0.0003
2026-02-14,GER,Lautern,Fuerth,0.0024,0.0012,0.0059,0.018,0.0498,0.1269,0.231,0.2213,0.1691,0.0992,0.052,0.0159,0.0072,0.0409,0.0364,0.0753,0.0229,0.0993,0.073,0.0115,0.0629,0.0977,0.0565,0.0042,0.0197,0.0669,0.0735,0.0381,0.0011,0.0062,0.0208,0.0366,0.0322,0.0113,0.0005,0.0016,0.0071,0.0226,0.0201,0.0107,0.0048
2026-02-14,GER,Hamburg,Union Berlin,0.0003,0.0021,0.009,0.0371,0.097,0.1896,0.2949,0.2167,0.0959,0.0399,0.0127,0.0043,0.0005,0.0936,0.0886,0.1053,0.0536,0.1309,0.0601,0.0256,0.0746,0.0819,0.0291,0.0069,0.037,0.059,0.0316,0.0096,0.0009,0.0105,0.0222,0.0259,0.0097,0.0028,0.0002,0.002,0.0056,0.0109,0.0038,0.0023,0.0002
2026-02-14,GER,Stuttgart,Koeln,0.0,0.0013,0.0031,0.0099,0.0372,0.1002,0.2001,0.2511,0.193,0.1073,0.0592,0.0244,0.0131,0.0463,0.0404,0.1035,0.0174,0.0896,0.1085,0.0055,0.0417,0.1078,0.072,0.0023,0.0159,0.0524,0.0632,0.0411,0.0007,0.003,0.0156,0.0335,0.0309,0.0173,0.0,0.0004,0.0036,0.0108,0.0194,0.0165,0.0084
2026-02-14,GER,Frankfurt,Gladbach,0.001,0.0026,0.0058,0.0244,0.0775,0.1561,0.2558,0.2319,0.1311,0.0703,0.0296,0.0103,0.0034,0.049,0.0509,0.0854,0.0394,0.1204,0.0672,0.0149,0.0684,0.0981,0.0378,0.0044,0.0308,0.0657,0.051,0.0172,0.002,0.0076,0.0302,0.0378,0.0244,0.0082,0.0008,0.0013,0.0065,0.0156,0.0087,0.0084,0.0028
2026-02-14,GER,Hertha,Hannover,0.0006,0.0016,0.008,0.0335,0.0895,0.1836,0.2872,0.2222,0.1088,0.0472,0.0121,0.0052,0.0002,0.081,0.0796,0.0984,0.0487,0.133,0.0597,0.0239,0.0769,0.0918,0.0325,0.0048,0.0333,0.0606,0.0401,0.0088,0.0013,0.0081,0.0249,0.028,0.0128,0.0043,0.0006,0.0029,0.0069,0.0117,0.0085,0.003,0.0001
2026-02-14,GER,Braunschweig,Darmstadt,0.0057,0.009,0.0287,0.0691,0.1458,0.2338,0.2554,0.1545,0.0698,0.0219,0.0056,0.0006,0.0,0.0654,0.098,0.0637,0.0864,0.1144,0.0352,0.039,0.0926,0.06,0.0127,0.0181,0.0463,0.059,0.028,0.0046,0.007,0.0246,0.0357,0.0258,0.0085,0.0003,0.0032,0.0085,0.0104,0.0158,0.0058,0.001,0.0
2026-02-14,GER,Werder,Bayern,0.0464,0.0596,0.0992,0.1541,0.2128,0.211,0.1324,0.0586,0.0186,0.0051,0.0008,0.0013,0.0,0.0282,0.0791,0.0202,0.1032,0.0609,0.009,0.0823,0.089,0.0253,0.0025,0.0553,0.0809,0.0332,0.0071,0.0007,0.0379,0.0556,0.0326,0.0106,0.0018,0.0005,0.0159,0.0351,0.0234,0.009,0.0024,0.0001,0.0
2026-02-14,GER,Leverkusen,St Pauli,0.0,0.0,0.0005,0.0035,0.0211,0.0638,0.1838,0.2757,0.2009,0.137,0.0701,0.0304,0.0131,0.0548,0.0255,0.1354,0.0101,0.0802,0.1224,0.0028,0.0287,0.1039,0.0991,0.0004,0.0091,0.0404,0.0619,0.0461,0.0,0.0007,0.0089,0.0326,0.0316,0.0253,0.0,0.0,0.0019,0.0078,0.0155,0.0217,0.0076
2026-02-14,GER,Hoffenheim,Freiburg,0.0007,0.0049,0.0091,0.0313,0.0767,0.1572,0.2683,0.2261,0.1302,0.0621,0.0219,0.0079,0.0037,0.0635,0.0629,0.0886,0.0418,0.1303,0.0641,0.0166,0.0695,0.1037,0.0365,0.0056,0.0279,0.0615,0.0535,0.0141,0.0047,0.0112,0.021,0.0274,0.0209,0.0073,0.0002,0.0023,0.0056,0.0121,0.0106,0.0055,0.0029
2026-02-14,GER,Dresden,Elversberg,0.0059,0.0095,0.0297,0.0692,0.1471,0.234,0.2556,0.1523,0.0685,0.0218,0.0056,0.0008,0.0,0.0654,0.0985,0.0636,0.0862,0.1154,0.0343,0.0404,0.0928,0.0588,0.0126,0.019,0.0473,0.0589,0.0275,0.0044,0.0073,0.0235,0.0347,0.0248,0.0085,0.0004,0.003,0.0088,0.0112,0.0151,0.0058,0.0011,0.0
2026-02-14,ITA,Lazio,Atalanta,0.0008,0.0025,0.0128,0.0471,0.1023,0.2078,0.291,0.2003,0.0957,0.0286,0.0086,0.0019,0.0006,0.089,0.1068,0.1053,0.0614,0.1407,0.0561,0.0349,0.0778,0.0762,0.0196,0.009,0.0342,0.0511,0.0319,0.0072,0.0023,0.0108,0.0194,0.0171,0.0076,0.0017,0.0006,0.0029,0.0052,0.0092,0.0064,0.0014,0.0
2026-02-14,ITA,Inter,Juventus,0.0008,0.0008,0.004,0.0156,0.0446,0.1285,0.2681,0.2543,0.1494,0.0788,0.0376,0.0127,0.0045,0.0728,0.0556,0.1205,0.0262,0.1272,0.0904,0.009,0.0581,0.0987,0.0539,0.0031,0.0155,0.0558,0.0498,0.0295,0.0008,0.0056,0.012,0.03,0.0195,0.0101,0.0006,0.0009,0.0027,0.0109,0.0082,0.0076,0.0036
2026-02-14,ITA,Como,Fiorentina,0.0008,0.0008,0.0041,0.0174,0.0531,0.1362,0.2562,0.2421,0.1599,0.0801,0.0354,0.0097,0.0042,0.0692,0.056,0.1083,0.0296,0.119,0.0876,0.0118,0.0628,0.0996,0.0528,0.0032,0.0184,0.0544,0.0595,0.028,0.0008,0.0053,0.0145,0.0286,0.0226,0.0074,0.0002,0.0009,0.0044,0.0129,0.0116,0.0061,0.0029
2026-02-14,NED,Ajax,Sittard,0.0,0.0003,0.0033,0.008,0.028,0.0804,0.1821,0.2602,0.1897,0.1299,0.0717,0.0305,0.0157,0.0396,0.0292,0.1097,0.0117,0.0843,0.1033,0.0054,0.038,0.1076,0.0839,0.0018,0.0099,0.0495,0.067,0.0501,0.0003,0.0019,0.0107,0.0363,0.0399,0.0234,0.0,0.0004,0.0055,0.0083,0.0161,0.0185,0.0085
2026-02-14,NED,Groningen,Utrecht,0.0003,0.0018,0.0092,0.0363,0.0956,0.19,0.303,0.2156,0.0951,0.0377,0.0114,0.0035,0.0004,0.1021,0.0931,0.1107,0.0549,0.1353,0.0609,0.0262,0.0729,0.0787,0.0281,0.0072,0.0351,0.0558,0.03,0.0089,0.0009,0.0092,0.0205,0.0232,0.0086,0.0024,0.0002,0.0018,0.0049,0.0093,0.0037,0.002,0.0002
2026-02-14,NED,Heracles,Breda,0.0007,0.0011,0.0035,0.0173,0.0726,0.1613,0.2781,0.2418,0.1297,0.06,0.0234,0.0079,0.0025,0.0736,0.0664,0.1091,0.0424,0.1328,0.0795,0.0123,0.0669,0.0948,0.0362,0.0026,0.0251,0.0585,0.0423,0.0143,0.0007,0.0047,0.0242,0.0313,0.0187,0.0064,0.0005,0.0008,0.0048,0.0107,0.006,0.0067,0.002
2026-02-14,NED,Excelsior,Alkmaar,0.0045,0.0075,0.0251,0.0648,0.1435,0.2368,0.264,0.1578,0.0695,0.0208,0.0052,0.0004,0.0,0.0754,0.1071,0.07,0.0901,0.1185,0.0374,0.0376,0.0914,0.0602,0.0126,0.0165,0.0428,0.0555,0.0267,0.0044,0.006,0.0228,0.0326,0.0236,0.0076,0.0002,0.0029,0.0071,0.0083,0.0138,0.005,0.0008,0.0
2026-02-14,POR,Casa Pia,Arouca,0.0008,0.0016,0.0085,0.0344,0.0911,0.1894,0.2844,0.2177,0.1108,0.0417,0.0132,0.0059,0.0003,0.0812,0.0852,0.0964,0.0517,0.128,0.059,0.0251,0.074,0.088,0.0284,0.0045,0.0311,0.0632,0.0416,0.0101,0.0015,0.0079,0.0266,0.0279,0.0119,0.0053,0.0008,0.0039,0.0072,0.0112,0.0095,0.0024,0.0
2026-02-14,POR,Guimaraes,Estrela Amadora,0.0001,0.0003,0.003,0.0117,0.0422,0.1239,0.247,0.2601,0.1714,0.0841,0.0393,0.0108,0.006,0.073,0.0616,0.1316,0.0257,0.115,0.1029,0.0073,0.0454,0.1011,0.0579,0.0018,0.0138,0.0494,0.0563,0.0265,0.0003,0.0038,0.0136,0.0224,0.0217,0.0088,0.0001,0.001,0.0026,0.0084,0.0116,0.0116,0.004
2026-02-14,POR,Gil Vicente,Braga,0.0033,0.006,0.0213,0.0585,0.1407,0.2412,0.2776,0.1602,0.0673,0.019,0.0046,0.0003,0.0,0.0924,0.1213,0.0793,0.0945,0.1243,0.0392,0.0365,0.0887,0.0584,0.0122,0.0148,0.0384,0.0499,0.0239,0.004,0.005,0.0189,0.0271,0.0196,0.0063,0.0002,0.0022,0.0054,0.0064,0.0106,0.0038,0.0006,0.0
2026-02-14,ROM,Universitatea Cluj,Csikszereda,0.0,0.0011,0.0025,0.0096,0.0374,0.1106,0.2177,0.2583,0.188,0.0991,0.0496,0.0173,0.0088,0.0629,0.0524,0.1232,0.0195,0.099,0.1165,0.0059,0.0426,0.1042,0.0704,0.0018,0.0149,0.0468,0.0562,0.0371,0.0006,0.0026,0.0136,0.0269,0.0262,0.0132,0.0,0.0004,0.0028,0.0084,0.0143,0.0118,0.0061
2026-02-14,ROM,Metaloglobus,Otelul Galati,0.0038,0.0097,0.0351,0.0762,0.1563,0.2466,0.264,0.142,0.0459,0.0158,0.0033,0.0008,0.0004,0.0884,0.118,0.0705,0.0948,0.1195,0.027,0.0538,0.0962,0.0554,0.01,0.0263,0.052,0.0418,0.0155,0.0024,0.0077,0.0183,0.027,0.0131,0.0048,0.0007,0.0027,0.0071,0.0091,0.0131,0.0032,0.0006,0.0004
2026-02-14,TUR,Genclerbirligi,Rizespor,0.0007,0.0016,0.0081,0.0337,0.0901,0.1878,0.2873,0.2197,0.1095,0.0431,0.0126,0.0055,0.0003,0.0836,0.0849,0.099,0.051,0.1306,0.0596,0.0246,0.0747,0.0889,0.0297,0.0045,0.0314,0.0613,0.0404,0.0095,0.0014,0.0078,0.0253,0.0272,0.0119,0.0048,0.0007,0.0034,0.0068,0.0109,0.0088,0.0025,0.0001
2026-02-14,TUR,Trabzonspor,Fenerbahce,0.0056,0.0083,0.0277,0.0704,0.1433,0.2316,0.252,0.1583,0.0734,0.0228,0.0062,0.0003,0.0001,0.0625,0.0942,0.0627,0.0844,0.1112,0.0365,0.0372,0.0926,0.0627,0.0132,0.0172,0.0457,0.0597,0.0298,0.0051,0.0066,0.0272,0.0378,0.0277,0.0089,0.0003,0.0037,0.0083,0.0093,0.0176,0.0064,0.001,0.0
2026-02-14,TUR,Alanyaspor,Konyaspor,0.0005,0.0008,0.0028,0.0156,0.0697,0.1629,0.2964,0.2475,0.1261,0.0521,0.0182,0.0058,0.0016,0.0971,0.0784,0.1292,0.0447,0.1406,0.0845,0.0118,0.0638,0.0903,0.0346,0.0022,0.0215,0.0499,0.0363,0.0123,0.0006,0.0036,0.0185,0.024,0.0144,0.0049,0.0003,0.0006,0.0034,0.0074,0.0042,0.0046,0.0013


